{
	"credit": "Made with Blockbench",
	"parent": "item/handheld",
	"textures": {
		"0": "Desktop/item/item/frozensplinter",
		"particle": "Desktop/item/item/frozensplinter",
		"layer0": "item/frozensplinter"
	},
	"display": {
		"thirdperson_righthand": {
			"rotation": [5, -1, 0],
			"translation": [0, 3, 1],
			"scale": [0.5, 0.5, 0.5]
		},
		"thirdperson_lefthand": {
			"rotation": [5, -1, 1],
			"translation": [0, 2.75, 1],
			"scale": [0.5, 0.5, 0.5]
		},
		"firstperson_righthand": {
			"rotation": [-54, -95, -23],
			"translation": [2.5, 3.75, 1],
			"scale": [0.5, 0.5, 0.5]
		},
		"firstperson_lefthand": {
			"rotation": [-54, -95, -35],
			"translation": [2.5, 3.75, 1],
			"scale": [0.5, 0.5, 0.5]
		},
		"ground": {
			"translation": [0, 4, 0],
			"scale": [0.5, 0.5, 0.5]
		},
		"head": {
			"rotation": [0, 0, -40],
			"translation": [0, -4.25, -6.75]
		}
	}
}