{
	"credit": "Made with Blockbench",
	"parent": "item/handheld",
	"textures": {
		"0": "Desktop/item/item/frozeningot",
		"particle": "Desktop/item/item/frozeningot",
		"layer0": "item/frozeningot"
	},
	"display": {
		"thirdperson_righthand": {
			"rotation": [5, -1, -13],
			"translation": [0, 2.5, 1],
			"scale": [0.5, 0.5, 0.5]
		},
		"thirdperson_lefthand": {
			"rotation": [5, -1, 12],
			"translation": [0, 2.25, 1],
			"scale": [0.5, 0.5, 0.5]
		},
		"firstperson_righthand": {
			"rotation": [-50, -77, -27],
			"translation": [1.75, 3.75, 1],
			"scale": [0.5, 0.5, 0.5]
		},
		"firstperson_lefthand": {
			"rotation": [-63, 103, 50],
			"translation": [2, 3.5, 1],
			"scale": [0.5, 0.5, 0.5]
		},
		"ground": {
			"translation": [0, 4, 0],
			"scale": [0.5, 0.5, 0.5]
		},
		"head": {
			"rotation": [0, 0, -40],
			"translation": [0, -4.25, -6.75]
		}
	}
}