{
	"credit": "Made with Blockbench",
	"parent": "item/handheld",
	"textures": {
		"0": "Desktop/item/item/rubinnugget",
		"particle": "Desktop/item/item/rubinnugget",
		"layer0": "item/rubinnugget"
	},
	"display": {
		"thirdperson_righthand": {
			"rotation": [5, -1, -46],
			"translation": [0, 1.25, 1],
			"scale": [0.5, 0.5, 0.5]
		},
		"thirdperson_lefthand": {
			"rotation": [5, -1, -137],
			"translation": [0, 1.5, 1],
			"scale": [0.5, 0.5, 0.5]
		},
		"firstperson_righthand": {
			"rotation": [-54, -95, -24],
			"translation": [2.5, 3.75, 1],
			"scale": [0.5, 0.5, 0.5]
		},
		"firstperson_lefthand": {
			"rotation": [-54, -95, -117],
			"translation": [2.5, 3.75, 1],
			"scale": [0.5, 0.5, 0.5]
		},
		"ground": {
			"translation": [0, 4, 0],
			"scale": [0.5, 0.5, 0.5]
		},
		"head": {
			"rotation": [0, 0, -40],
			"translation": [0, -4.25, -6.75]
		}
	}
}