{
	"credit": "Made with Blockbench",
	"parent": "item/handheld",
	"textures": {
		"0": "Desktop/item/item/sapphireaxe",
		"particle": "Desktop/item/item/sapphireaxe",
		"layer0": "item/sapphireaxe"
	},
	"display": {
		"thirdperson_righthand": {
			"rotation": [-39, -90, 0],
			"translation": [0, 3.75, 2],
			"scale": [0.8, 0.8, 0.8]
		},
		"thirdperson_lefthand": {
			"rotation": [-42, 90, 0],
			"translation": [0, 3.75, 1.75],
			"scale": [0.8, 0.8, 0.8]
		},
		"firstperson_righthand": {
			"rotation": [-54, -95, -24],
			"translation": [2.75, 3.5, 0],
			"scale": [0.8, 0.8, 0.8]
		},
		"firstperson_lefthand": {
			"rotation": [-38, 85, 9],
			"translation": [2.5, 3.5, 0],
			"scale": [0.8, 0.8, 0.8]
		},
		"ground": {
			"translation": [0, 4, 0],
			"scale": [0.5, 0.5, 0.5]
		},
		"head": {
			"translation": [0, 10, 0]
		}
	}
}