{
  "parent": "minecraft:item/generated",
  "textures": {
    "layer0": "minecraft:item/ink_sac"
  },
    "overrides": [
		{"predicate": {"custom_model_data":1}, "model": "littleroom_halloween3:cauldron_head"},
		{"predicate": {"custom_model_data":2}, "model": "littleroom_halloween3:imp_pitchfork"},
		{"predicate": {"custom_model_data":3}, "model": "littleroom_halloween3:mummy_wraps"},
		{"predicate": {"custom_model_data":4}, "model": "littleroom_halloween3:batflock"},
		{"predicate": {"custom_model_data":5}, "model": "littleroom_halloween3:eyeballjar"},
		{"predicate": {"custom_model_data":6}, "model": "littleroom_halloween3:tesla_coil"}
        ]
}