{
	"parent": "item/generated",
	"textures": {
	  "layer0": "item/leather_helmet",
	  "layer1": "item/leather_helmet_overlay"
	},
	"overrides": [
		{ "predicate": { "custom_model_data": 1}, "model": "zer0/armor/helmet_1" },
		{ "predicate": { "custom_model_data": 2}, "model": "zer0/armor/helmet_2" },
		{ "predicate": { "custom_model_data": 3}, "model": "zer0/armor/helmet_3" },
		{ "predicate": { "custom_model_data": 4}, "model": "zer0/armor/helmet_4" },
		{ "predicate": { "custom_model_data": 5}, "model": "zer0/armor/helmet_5" },
		{ "predicate": { "custom_model_data": 6}, "model": "zer0/armor/helmet_6" },
		{ "predicate": { "custom_model_data": 7}, "model": "zer0/armor/helmet_7" },
		{ "predicate": { "custom_model_data": 8}, "model": "zer0/armor/helmet_8" },
		{ "predicate": { "custom_model_data": 9}, "model": "zer0/armor/helmet_9" },
		{ "predicate": { "custom_model_data": 10}, "model": "zer0/armor/helmet_10" },
		{ "predicate": { "custom_model_data": 11}, "model": "zer0/armor/helmet_11" },
		{ "predicate": { "custom_model_data": 12}, "model": "zer0/armor/helmet_12" },
		{ "predicate": { "custom_model_data": 13}, "model": "zer0/armor/helmet_13" },
		{ "predicate": { "custom_model_data": 14}, "model": "zer0/armor/helmet_14" },
		{ "predicate": { "custom_model_data": 15}, "model": "zer0/armor/helmet_15" },
		{ "predicate": { "custom_model_data": 16}, "model": "zer0/armor/helmet_16" },
		{ "predicate": { "custom_model_data": 17}, "model": "zer0/armor/helmet_17" },
		{ "predicate": { "custom_model_data": 18}, "model": "zer0/armor/helmet_18" },
		{ "predicate": { "custom_model_data": 19}, "model": "zer0/armor/helmet_19" },
		{ "predicate": { "custom_model_data": 20}, "model": "zer0/armor/helmet_20" },
		{ "predicate": { "custom_model_data": 21}, "model": "zer0/armor/helmet_21" }, 
		{ "predicate": { "custom_model_data": 22}, "model": "zer0/armor/helmet_22" }, 
		{ "predicate": { "custom_model_data": 23}, "model": "zer0/armor/helmet_23" }, 
		{ "predicate": { "custom_model_data": 24}, "model": "zer0/armor/helmet_24" }, 
		{ "predicate": { "custom_model_data": 25}, "model": "zer0/armor/helmet_25" }, 
		{ "predicate": { "custom_model_data": 26}, "model": "zer0/armor/helmet_26" }, 
		{ "predicate": { "custom_model_data": 27}, "model": "zer0/armor/helmet_27" }, 
		{ "predicate": { "custom_model_data": 28}, "model": "zer0/armor/helmet_28" }, 
		{ "predicate": { "custom_model_data": 29}, "model": "zer0/armor/helmet_29" }, 
		{ "predicate": { "custom_model_data": 30}, "model": "zer0/armor/helmet_30" }, 
		{ "predicate": { "custom_model_data": 31}, "model": "zer0/armor/helmet_31" }, 
		{ "predicate": { "custom_model_data": 32}, "model": "zer0/armor/helmet_32" }, 
		{ "predicate": { "custom_model_data": 33}, "model": "zer0/armor/helmet_33" }, 
		{ "predicate": { "custom_model_data": 34}, "model": "zer0/armor/helmet_34" }, 
		{ "predicate": { "custom_model_data": 35}, "model": "zer0/armor/helmet_35" }, 
		{ "predicate": { "custom_model_data": 36}, "model": "zer0/armor/helmet_36" }, 
		{ "predicate": { "custom_model_data": 37}, "model": "zer0/armor/helmet_37" }, 
		{ "predicate": { "custom_model_data": 38}, "model": "zer0/armor/helmet_38" }, 
		{ "predicate": { "custom_model_data": 39}, "model": "zer0/armor/helmet_39" }, 
		{ "predicate": { "custom_model_data": 40}, "model": "zer0/armor/helmet_40" }, 
		{ "predicate": { "custom_model_data": 41}, "model": "zer0/armor/helmet_41" }, 
		{ "predicate": { "custom_model_data": 42}, "model": "zer0/armor/helmet_42" }, 
		{ "predicate": { "custom_model_data": 43}, "model": "zer0/armor/helmet_43" }, 
		{ "predicate": { "custom_model_data": 44}, "model": "zer0/armor/helmet_44" }, 
		{ "predicate": { "custom_model_data": 45}, "model": "zer0/armor/helmet_45" }, 
		{ "predicate": { "custom_model_data": 46}, "model": "zer0/armor/helmet_46" }, 
		{ "predicate": { "custom_model_data": 47}, "model": "zer0/armor/helmet_47" }, 
		{ "predicate": { "custom_model_data": 48}, "model": "zer0/armor/helmet_48" }, 
		{ "predicate": { "custom_model_data": 49}, "model": "zer0/armor/helmet_49" }, 
		{ "predicate": { "custom_model_data": 50}, "model": "zer0/armor/helmet_50" }, 
		{ "predicate": { "custom_model_data": 51}, "model": "zer0/armor/helmet_51" }, 
		{ "predicate": { "custom_model_data": 52}, "model": "zer0/armor/helmet_52" }, 
		{ "predicate": { "custom_model_data": 53}, "model": "zer0/armor/helmet_53" }, 
		{ "predicate": { "custom_model_data": 54}, "model": "zer0/armor/helmet_54" }, 
		{ "predicate": { "custom_model_data": 55}, "model": "zer0/armor/helmet_55" }, 
		{ "predicate": { "custom_model_data": 56}, "model": "zer0/armor/helmet_56" }, 
		{ "predicate": { "custom_model_data": 57}, "model": "zer0/armor/helmet_57" }, 
		{ "predicate": { "custom_model_data": 58}, "model": "zer0/armor/helmet_58" }, 
		{ "predicate": { "custom_model_data": 59}, "model": "zer0/armor/helmet_59" }, 
		{ "predicate": { "custom_model_data": 60}, "model": "zer0/armor/helmet_60" }
	]
}